month,pfaf_id,Rainf_tavg,Qair_f_tavg,Qs_tavg,Evap_tavg,Tair_f_tavg,SoilMoist_inst_lvl_0,SoilMoist_inst_lvl_1,SoilMoist_inst_lvl_2,SoilMoist_inst_lvl_3,SoilTemp_inst_lvl_0,SoilTemp_inst_lvl_1,SoilTemp_inst_lvl_2,SoilTemp_inst_lvl_3,Streamflow_tavg
1,62270,7.422393321990967,17.662752151489258,0.19019487500190735,3.4658877849578857,26.42331886291504,0.3558352589607239,0.35536572337150574,0.354139119386673,0.3551274538040161,27.189651489257812,27.030996322631836,26.820968627929688,26.77402114868164,65118.1328125
2,62270,7.769550800323486,17.819061279296875,0.28628939390182495,3.430168390274048,26.408634185791016,0.36170992255210876,0.3625788688659668,0.3655555546283722,0.37751173973083496,27.27381706237793,27.11577606201172,26.7890625,26.613039016723633,64632.20703125
3,62270,7.834120750427246,17.85045623779297,0.26762157678604126,3.4060604572296143,26.49567985534668,0.3652602434158325,0.36706486344337463,0.3726940453052521,0.3915802538394928,27.263151168823242,27.20111846923828,26.86142921447754,26.634016036987305,69653.671875
4,62270,8.02907657623291,17.761512756347656,0.24930867552757263,3.3827035427093506,26.41745376586914,0.3681846857070923,0.3705269694328308,0.3777984380722046,0.4009038209915161,27.08256721496582,27.041555404663086,26.764768600463867,26.606367111206055,77150.7578125
5,62270,7.428403377532959,17.912235260009766,0.14060552418231964,3.4064154624938965,26.323991775512695,0.3684925138950348,0.37101441621780396,0.37901127338409424,0.4040510356426239,27.07990074157715,26.97256088256836,26.67012596130371,26.516769409179688,85040.6328125
12,62270,6.5747880935668945,17.397932052612305,0.10353301465511322,3.4816362857818604,26.691349029541016,0.34540286660194397,0.3427000939846039,0.335024356842041,0.3192410469055176,27.290998458862305,27.225597381591797,27.191848754882812,27.257099151611328,67461.4375
