month,pfaf_id,Rainf_tavg,Qair_f_tavg,Qs_tavg,Evap_tavg,Tair_f_tavg,SoilMoist_inst_lvl_0,SoilMoist_inst_lvl_1,SoilMoist_inst_lvl_2,SoilMoist_inst_lvl_3,SoilTemp_inst_lvl_0,SoilTemp_inst_lvl_1,SoilTemp_inst_lvl_2,SoilTemp_inst_lvl_3,Streamflow_tavg
1,61586,9.701364517211914,16.420040130615234,1.0413284301757812,3.932279109954834,24.676589965820312,0.3983330726623535,0.3999500274658203,0.4060479402542114,0.4254602789878845,25.423181533813477,24.76287269592285,24.253334045410156,23.807008743286133,640.7571411132812
2,61586,9.78779411315918,16.490550994873047,0.951561450958252,4.041220664978027,24.822647094726562,0.3986116051673889,0.40061429142951965,0.40689584612846375,0.42693060636520386,25.553504943847656,24.96480941772461,24.485734939575195,24.090181350708008,645.1548461914062
3,61586,10.004491806030273,16.527816772460938,0.9442670345306396,3.9678001403808594,24.805004119873047,0.3991433084011078,0.40153375267982483,0.40811070799827576,0.42862415313720703,25.665735244750977,25.17127227783203,24.71225929260254,24.316904067993164,672.4218139648438
4,61586,10.280248641967773,16.50737190246582,1.0377020835876465,3.8528380393981934,24.63262367248535,0.4002733528614044,0.4026668071746826,0.4094579517841339,0.43039196729660034,25.56264305114746,25.136362075805664,24.766490936279297,24.448516845703125,721.1110229492188
5,61586,10.134012222290039,16.467748641967773,1.0549356937408447,3.74832820892334,24.514225006103516,0.4003269374370575,0.4027312994003296,0.409660279750824,0.4307147264480591,25.462440490722656,25.014802932739258,24.691831588745117,24.439294815063477,732.2516479492188
12,61586,10.043292999267578,16.430606842041016,0.8795350193977356,3.8129684925079346,24.571090698242188,0.39440011978149414,0.39464178681373596,0.39764973521232605,0.41047146916389465,25.265148162841797,24.474843978881836,23.798141479492188,23.338239669799805,400.62396240234375
