month,pfaf_id,Rainf_tavg,Qair_f_tavg,Qs_tavg,Evap_tavg,Tair_f_tavg,SoilMoist_inst_lvl_0,SoilMoist_inst_lvl_1,SoilMoist_inst_lvl_2,SoilMoist_inst_lvl_3,SoilTemp_inst_lvl_0,SoilTemp_inst_lvl_1,SoilTemp_inst_lvl_2,SoilTemp_inst_lvl_3,Streamflow_tavg
1,62456,6.787792682647705,16.99686050415039,0.05287380516529083,3.6653196811676025,24.780649185180664,0.32573646306991577,0.3259563744068146,0.3255816698074341,0.3334757089614868,25.529739379882812,25.81060791015625,25.755857467651367,26.01296043395996,3523.8828125
2,62456,7.064892768859863,17.157854080200195,0.051216479390859604,3.6102805137634277,24.823810577392578,0.3309396803379059,0.3319118916988373,0.33572763204574585,0.3575184941291809,25.509231567382812,25.817873001098633,25.57625389099121,25.633371353149414,4955.5390625
3,62456,7.176146030426025,17.299068450927734,0.05628230795264244,3.596857786178589,24.854455947875977,0.3341401517391205,0.3349817991256714,0.34119802713394165,0.3708711862564087,25.446861267089844,25.894081115722656,25.59318733215332,25.57191276550293,6785.53759765625
4,62456,6.7289886474609375,17.375715255737305,0.06211855262517929,3.626044511795044,24.873273849487305,0.3321027457714081,0.3340809941291809,0.34182730317115784,0.3746586740016937,25.45569610595703,25.97728729248047,25.631750106811523,25.584434509277344,7702.85546875
5,62456,4.759888648986816,16.863842010498047,0.055882323533296585,3.2518763542175293,24.578487396240234,0.3216106593608856,0.3258330523967743,0.335177481174469,0.3678504228591919,25.2701416015625,25.904315948486328,25.579240798950195,25.586898803710938,6665.65771484375
12,62456,6.20926570892334,16.722074508666992,0.043686393648386,3.726369857788086,25.1451416015625,0.31529706716537476,0.3139096200466156,0.3083471357822418,0.3009682595729828,25.868091583251953,26.371713638305664,26.58740234375,27.073453903198242,4951.28759765625
