month,pfaf_id,Rainf_tavg,Qair_f_tavg,Qs_tavg,Evap_tavg,Tair_f_tavg,SoilMoist_inst_lvl_0,SoilMoist_inst_lvl_1,SoilMoist_inst_lvl_2,SoilMoist_inst_lvl_3,SoilTemp_inst_lvl_0,SoilTemp_inst_lvl_1,SoilTemp_inst_lvl_2,SoilTemp_inst_lvl_3,Streamflow_tavg
1,61670,5.268167495727539,16.949174880981445,0.05232774093747139,3.2017147541046143,24.49204444885254,0.3638361990451813,0.35296496748924255,0.32591620087623596,0.2824077308177948,25.309782028198242,25.439340591430664,25.35979461669922,25.49577522277832,190.3614501953125
2,61670,5.336519718170166,17.068029403686523,0.06447505950927734,3.4011425971984863,24.51949119567871,0.3737901449203491,0.36722996830940247,0.3514433801174164,0.313455194234848,25.47615623474121,25.540040969848633,25.28875160217285,25.240921020507812,218.31163024902344
3,61670,5.562257766723633,17.321517944335938,0.07805220782756805,3.48203444480896,24.642501831054688,0.3805089294910431,0.37614646553993225,0.3671160042285919,0.3423372209072113,25.691341400146484,25.75624656677246,25.42630958557129,25.268808364868164,357.7800598144531
4,61670,6.075329780578613,17.622835159301758,0.10063198953866959,3.4921844005584717,24.754186630249023,0.38906270265579224,0.3866914212703705,0.3826836347579956,0.3733258843421936,25.923107147216797,25.963329315185547,25.612621307373047,25.404577255249023,709.7007446289062
5,61670,5.763637542724609,17.660268783569336,0.10394588112831116,3.556276321411133,24.752220153808594,0.39372941851615906,0.3928062915802002,0.39291784167289734,0.3964534401893616,25.995962142944336,25.975021362304688,25.67411231994629,25.507720947265625,1143.4525146484375
12,61670,4.352257251739502,16.562223434448242,0.03327392786741257,3.231705904006958,25.059459686279297,0.33891651034355164,0.3251965343952179,0.2942904233932495,0.2598472237586975,25.54918098449707,25.80243492126465,25.904088973999023,26.159364700317383,603.8059692382812
