month,pfaf_id,Rainf_tavg,Qair_f_tavg,Qs_tavg,Evap_tavg,Tair_f_tavg,SoilMoist_inst_lvl_0,SoilMoist_inst_lvl_1,SoilMoist_inst_lvl_2,SoilMoist_inst_lvl_3,SoilTemp_inst_lvl_0,SoilTemp_inst_lvl_1,SoilTemp_inst_lvl_2,SoilTemp_inst_lvl_3,Streamflow_tavg
1,62242,7.114120960235596,16.717023849487305,0.12261878699064255,3.482903003692627,24.698440551757812,0.39667823910713196,0.39436617493629456,0.3863842189311981,0.3624860644340515,25.622678756713867,25.45341682434082,25.304975509643555,25.324533462524414,194.5011749267578
2,62242,7.345025062561035,16.854318618774414,0.11239688843488693,3.5544371604919434,24.74628257751465,0.4072246551513672,0.40734046697616577,0.4075853228569031,0.41040703654289246,25.71142578125,25.512645721435547,25.261463165283203,25.164159774780273,921.5152587890625
3,62242,7.408945083618164,16.99661636352539,0.08628994226455688,3.607961654663086,24.778003692626953,0.4132591784000397,0.41460543870925903,0.41885241866111755,0.4329606890678406,25.798315048217773,25.611902236938477,25.317853927612305,25.15675163269043,1820.7783203125
4,62242,7.2734761238098145,17.140159606933594,0.09933576732873917,3.6631693840026855,24.779226303100586,0.4156761169433594,0.41743743419647217,0.4230530560016632,0.4409632086753845,25.844505310058594,25.65607261657715,25.3587703704834,25.189937591552734,2333.406494140625
5,62242,5.7186713218688965,16.949569702148438,0.08608526736497879,3.5032217502593994,24.60331916809082,0.4118960201740265,0.4141734838485718,0.4202665686607361,0.43805262446403503,25.71778106689453,25.4971981048584,25.281505584716797,25.18181610107422,2182.484130859375
12,62242,6.662235736846924,16.59547996520996,0.07789144665002823,3.4973015785217285,24.94760513305664,0.38256579637527466,0.3767435848712921,0.35717689990997314,0.2925375998020172,25.725688934326172,25.654918670654297,25.65249252319336,25.76729965209961,483.060791015625
