month,pfaf_id,Rainf_tavg,Qair_f_tavg,Qs_tavg,Evap_tavg,Tair_f_tavg,SoilMoist_inst_lvl_0,SoilMoist_inst_lvl_1,SoilMoist_inst_lvl_2,SoilMoist_inst_lvl_3,SoilTemp_inst_lvl_0,SoilTemp_inst_lvl_1,SoilTemp_inst_lvl_2,SoilTemp_inst_lvl_3,Streamflow_tavg
1,61593,7.81463098526001,17.816627502441406,0.30333212018013,3.2869644165039062,25.1802978515625,0.41831985116004944,0.42153725028038025,0.42865219712257385,0.44820013642311096,26.867685317993164,26.358802795410156,26.190032958984375,26.19068145751953,5306.42138671875
2,61593,7.8410115242004395,17.928245544433594,0.3243303596973419,3.383603096008301,25.459182739257812,0.4179505407810211,0.4210329055786133,0.427946001291275,0.447035551071167,27.024375915527344,26.488950729370117,26.195463180541992,26.07579803466797,4941.37255859375
3,61593,8.183411598205566,18.014907836914062,0.33563849329948425,3.4504120349884033,25.550867080688477,0.4185432493686676,0.4216618835926056,0.4288177192211151,0.44829240441322327,27.14597511291504,26.605615615844727,26.296117782592773,26.118906021118164,5002.3623046875
4,61593,8.802420616149902,17.968217849731445,0.338750958442688,3.373138666152954,25.28656005859375,0.4201107919216156,0.42314639687538147,0.4305269718170166,0.4507804214954376,27.080963134765625,26.548349380493164,26.295202255249023,26.15683937072754,5606.9765625
5,61593,8.917268753051758,17.944917678833008,0.42259564995765686,3.2696783542633057,25.161367416381836,0.4200878143310547,0.4234135150909424,0.4311347007751465,0.451757550239563,26.98291015625,26.416677474975586,26.20423126220703,26.117700576782227,6397.1181640625
12,61593,8.401358604431152,17.878427505493164,0.25457069277763367,3.233414888381958,25.087621688842773,0.41690072417259216,0.4191957414150238,0.42433586716651917,0.4397500455379486,26.964929580688477,26.52046012878418,26.45032501220703,26.47334098815918,5939.09130859375
