month,pfaf_id,Rainf_tavg,Qair_f_tavg,Qs_tavg,Evap_tavg,Tair_f_tavg,SoilMoist_inst_lvl_0,SoilMoist_inst_lvl_1,SoilMoist_inst_lvl_2,SoilMoist_inst_lvl_3,SoilTemp_inst_lvl_0,SoilTemp_inst_lvl_1,SoilTemp_inst_lvl_2,SoilTemp_inst_lvl_3,Streamflow_tavg
1,62247,7.952153205871582,17.059202194213867,0.11110053211450577,3.5921435356140137,24.6710147857666,0.3622596859931946,0.3627520799636841,0.3632566034793854,0.36801937222480774,25.555904388427734,25.473474502563477,25.285079956054688,25.295799255371094,1505.4769287109375
2,62247,8.119625091552734,17.216215133666992,0.10531148314476013,3.613302230834961,24.744890213012695,0.3679795265197754,0.3700599670410156,0.37589332461357117,0.39794057607650757,25.699060440063477,25.618019104003906,25.28510284423828,25.14517593383789,2448.17724609375
3,62247,8.070892333984375,17.393768310546875,0.09840280562639236,3.644585371017456,24.7685604095459,0.37054142355918884,0.37256187200546265,0.3801369369029999,0.4081687927246094,25.73310661315918,25.685123443603516,25.33371353149414,25.158842086791992,3166.17236328125
4,62247,6.99014139175415,17.444889068603516,0.12380868196487427,3.656869411468506,24.721593856811523,0.3680279850959778,0.36987242102622986,0.3779955804347992,0.4066016972064972,25.730144500732422,25.703779220581055,25.34969139099121,25.174673080444336,3372.147705078125
5,62247,4.35944938659668,16.675683975219727,0.08466584980487823,3.3593130111694336,24.356449127197266,0.3557436764240265,0.3586312234401703,0.3672390878200531,0.3929876983165741,25.264636993408203,25.307451248168945,25.099136352539062,25.081756591796875,2486.142822265625
12,62247,7.137964248657227,16.637537002563477,0.09092265367507935,3.6463286876678467,25.036834716796875,0.3460724651813507,0.3440987467765808,0.33501899242401123,0.312600702047348,25.709779739379883,25.701330184936523,25.649166107177734,25.783443450927734,1254.5206298828125
