month,pfaf_id,Rainf_tavg,Qair_f_tavg,Qs_tavg,Evap_tavg,Tair_f_tavg,SoilMoist_inst_lvl_0,SoilMoist_inst_lvl_1,SoilMoist_inst_lvl_2,SoilMoist_inst_lvl_3,SoilTemp_inst_lvl_0,SoilTemp_inst_lvl_1,SoilTemp_inst_lvl_2,SoilTemp_inst_lvl_3,Streamflow_tavg
1,61627,2.6737310886383057,16.389633178710938,0.001944358111359179,3.439157485961914,25.402755737304688,0.24515290558338165,0.24025322496891022,0.22853469848632812,0.2200600504875183,26.32902717590332,26.33211898803711,25.936729431152344,25.832487106323242,285.3802185058594
2,61627,2.6183364391326904,16.39348793029785,0.0016643729759380221,3.489105224609375,25.55821418762207,0.23698091506958008,0.22890695929527283,0.21457651257514954,0.20354826748371124,26.727821350097656,26.748281478881836,26.17125129699707,25.89091682434082,292.6628112792969
3,61627,2.859832763671875,16.54303550720215,0.0019129518186673522,3.443070650100708,25.674951553344727,0.23463591933250427,0.22403386235237122,0.20275148749351501,0.18678030371665955,26.84465217590332,26.975385665893555,26.43403434753418,26.14324951171875,362.4184875488281
4,61627,3.8159165382385254,16.987110137939453,0.003237765980884433,3.303852081298828,25.577735900878906,0.24954834580421448,0.23669394850730896,0.20459149777889252,0.1772618442773819,26.633821487426758,26.82917594909668,26.420419692993164,26.237686157226562,492.76837158203125
5,61627,4.38687801361084,17.20722198486328,0.004159959033131599,3.362520933151245,25.488222122192383,0.2635538578033447,0.2546437680721283,0.22258535027503967,0.18146683275699615,26.615623474121094,26.665151596069336,26.28200912475586,26.151790618896484,751.5113525390625
12,61627,3.037623643875122,16.59868812561035,0.0022862181067466736,3.5379645824432373,25.666269302368164,0.25280967354774475,0.2486756145954132,0.23992441594600677,0.23218463361263275,26.342899322509766,26.399269104003906,26.139713287353516,26.136329650878906,624.0692138671875
