month,pfaf_id,Rainf_tavg,Qair_f_tavg,Qs_tavg,Evap_tavg,Tair_f_tavg,SoilMoist_inst_lvl_0,SoilMoist_inst_lvl_1,SoilMoist_inst_lvl_2,SoilMoist_inst_lvl_3,SoilTemp_inst_lvl_0,SoilTemp_inst_lvl_1,SoilTemp_inst_lvl_2,SoilTemp_inst_lvl_3,Streamflow_tavg
1,67103,0.11474154889583588,13.023380279541016,1.0394995115348138e-05,0.07555244863033295,20.560401916503906,0.1011156365275383,0.14120732247829437,0.12245883047580719,0.17119145393371582,23.414661407470703,22.45697021484375,22.12526512145996,21.999319076538086,2.3306820392608643
2,67103,0.1170477569103241,13.619637489318848,1.1774583981605247e-05,0.09689866751432419,21.077098846435547,0.11622299998998642,0.13980117440223694,0.12225721776485443,0.1711466908454895,23.856792449951172,22.899789810180664,22.47733497619629,22.14825439453125,10.66224479675293
3,67103,0.09572156518697739,13.294722557067871,8.15446037449874e-06,0.0925576314330101,20.760467529296875,0.12597636878490448,0.13841833174228668,0.12191667407751083,0.17108574509620667,22.75381088256836,22.415067672729492,22.30261993408203,22.22184944152832,50.499427795410156
4,67103,0.0793609619140625,12.10467529296875,6.028615644027013e-06,0.07827843725681305,19.287546157836914,0.13273991644382477,0.13731922209262848,0.12147755920886993,0.1709996610879898,20.83636474609375,20.76378631591797,21.159757614135742,21.767663955688477,58.05666732788086
5,67103,0.07903153449296951,10.834176063537598,6.640277206315659e-06,0.06733711063861847,17.57838249206543,0.14160624146461487,0.13650770485401154,0.1209869384765625,0.17088887095451355,18.425073623657227,18.6617488861084,19.38832664489746,20.704423904418945,34.72096633911133
12,67103,0.09575819969177246,12.241327285766602,7.67318852012977e-06,0.03976062312722206,19.800912857055664,0.08336851000785828,0.14230939745903015,0.122536301612854,0.17123089730739594,22.82132339477539,22.214263916015625,22.304479598999023,22.214481353759766,6.248834133148193
