month,pfaf_id,Rainf_tavg,Qair_f_tavg,Qs_tavg,Evap_tavg,Tair_f_tavg,SoilMoist_inst_lvl_0,SoilMoist_inst_lvl_1,SoilMoist_inst_lvl_2,SoilMoist_inst_lvl_3,SoilTemp_inst_lvl_0,SoilTemp_inst_lvl_1,SoilTemp_inst_lvl_2,SoilTemp_inst_lvl_3,Streamflow_tavg
1,61626,2.2037062644958496,15.388834953308105,0.002054238459095359,3.7192420959472656,25.464826583862305,0.2444475293159485,0.23935413360595703,0.22444464266300201,0.2087961733341217,25.932405471801758,25.811729431152344,25.432750701904297,25.35626792907715,6.751089572906494
2,61626,2.156529188156128,15.324859619140625,0.0016691507771611214,3.6299617290496826,25.757007598876953,0.2283143550157547,0.21665789186954498,0.1995209902524948,0.18493859469890594,26.558521270751953,26.42228889465332,25.788576126098633,25.440641403198242,3.2462708950042725
3,61626,2.533043146133423,15.572858810424805,0.0020193145610392094,3.4542782306671143,25.860811233520508,0.227018803358078,0.2067776322364807,0.17875626683235168,0.16327401995658875,26.713199615478516,26.740427017211914,26.151836395263672,25.78337287902832,2.3959972858428955
4,61626,3.546215772628784,16.222667694091797,0.0036332658492028713,3.314497232437134,25.553264617919922,0.24813148379325867,0.22118571400642395,0.17239849269390106,0.14941424131393433,26.334726333618164,26.46329689025879,26.07095718383789,25.880821228027344,3.256706714630127
5,61626,4.202127933502197,16.555355072021484,0.005290059372782707,3.315563917160034,25.27520751953125,0.26829612255096436,0.24848586320877075,0.187144473195076,0.14712294936180115,26.150461196899414,26.13736915588379,25.804780960083008,25.714685440063477,7.525113105773926
12,61626,2.6624505519866943,15.73640251159668,0.002896475838497281,3.861510992050171,25.6599178314209,0.2627156674861908,0.2582224905490875,0.2467140108346939,0.23001524806022644,25.839561462402344,25.893259048461914,25.799270629882812,25.900447845458984,31.521230697631836
